entanglement,1,2,3
linear,-172.9968370383007,-178.66692280134882,-147.65514791630562
full,-171.34846741395583,-168.77051747831905,-149.6008120384129
circular,-178.88254601412373,-183.9008539785284,-154.42084907579314
sca,-170.62416178203898,-168.32569409891556,-155.80587644104622
reverse_linear,-184.83389895312155,-173.44333165345265,-152.6773063473897